palette_size,presence_threshold,left_family_id,right_family_id,case_count,support,left_to_right_probability,right_to_left_probability,jaccard,lift,pmi
8,0.005,color_01,color_02,55,0.3374233128834356,0.8088235294117647,0.4230769230769231,0.38461538461538464,1.0141402714932128,0.020257213476943484
8,0.005,color_01,color_03,56,0.34355828220858897,0.8235294117647058,0.45528455284552843,0.4148148148148148,1.091343854615017,0.12610572969910264
8,0.005,color_01,color_04,32,0.19631901840490798,0.47058823529411764,0.2909090909090909,0.2191780821917808,0.6973262032085562,-0.5200944005439213
8,0.005,color_01,color_05,42,0.25766871165644173,0.6176470588235294,0.3925233644859813,0.3157894736842105,0.9409015942825729,-0.0878842506416484
8,0.005,color_01,color_06,34,0.2085889570552147,0.5,0.3541666666666667,0.26153846153846155,0.8489583333333333,-0.23623434649007877
8,0.005,color_01,color_07,37,0.22699386503067484,0.5441176470588235,0.5606060606060606,0.38144329896907214,1.3438057040998217,0.4263245592512344
8,0.005,color_01,color_08,15,0.09202453987730061,0.22058823529411764,0.3409090909090909,0.15463917525773196,0.8171791443850268,-0.2912757100480404
8,0.005,color_01,color_09,53,0.32515337423312884,0.7794117647058824,0.6022727272727273,0.5145631067961165,1.443683155080214,0.5297541489066402
8,0.005,color_01,color_10,32,0.19631901840490798,0.47058823529411764,0.3018867924528302,0.22535211267605634,0.7236403995560489,-0.46665514158246096
8,0.005,color_01,color_11,22,0.13496932515337423,0.3235294117647059,0.23404255319148937,0.15714285714285714,0.5610137672090113,-0.8338919200596019
8,0.005,color_01,color_12,46,0.2822085889570552,0.6764705882352942,0.35384615384615387,0.3026315789473684,0.8481900452488688,-0.2375405439907035
8,0.005,color_02,color_03,96,0.588957055214724,0.7384615384615385,0.7804878048780488,0.6114649681528662,0.978611632270169,-0.031191663415460424
8,0.005,color_02,color_04,84,0.5153374233128835,0.6461538461538462,0.7636363636363637,0.5384615384615384,0.9574825174825177,-0.062681949543276
8,0.005,color_02,color_05,84,0.5153374233128835,0.6461538461538462,0.7850467289719626,0.5490196078431373,0.9843278217109994,-0.022789222419763413
8,0.005,color_02,color_06,78,0.4785276073619632,0.6,0.8125,0.527027027027027,1.01875,0.02680005934371527
8,0.005,color_02,color_07,45,0.27607361963190186,0.34615384615384615,0.6818181818181818,0.2980132450331126,0.8548951048951049,-0.2261806818261557
8,0.005,color_02,color_08,37,0.22699386503067484,0.2846153846153846,0.8409090909090909,0.27007299270072993,1.0543706293706294,0.07638208819427564
8,0.005,color_02,color_09,74,0.4539877300613497,0.5692307692307692,0.8409090909090909,0.5138888888888888,1.0543706293706294,0.07638208819427564
8,0.005,color_02,color_10,77,0.4723926380368098,0.5923076923076923,0.7264150943396226,0.48427672955974843,0.9108127721335268,-0.13477357266567477
8,0.005,color_02,color_11,74,0.4539877300613497,0.5692307692307692,0.7872340425531915,0.49333333333333335,0.9870703764320785,-0.018775144846064618
8,0.005,color_02,color_12,102,0.6257668711656442,0.7846153846153846,0.7846153846153846,0.6455696202531646,0.9837869822485209,-0.023582129854335592
8,0.005,color_03,color_04,76,0.4662576687116564,0.6178861788617886,0.6909090909090909,0.4840764331210191,0.9155949741315594,-0.12721855118923653
8,0.005,color_03,color_05,85,0.5214723926380368,0.6910569105691057,0.794392523364486,0.5862068965517241,1.0527315553529366,0.07413759862839235
8,0.005,color_03,color_06,75,0.4601226993865031,0.6097560975609756,0.78125,0.5208333333333334,1.0353150406504066,0.050069838666562484
8,0.005,color_03,color_07,45,0.27607361963190186,0.36585365853658536,0.6818181818181818,0.3125,0.9035476718403548,-0.14632737413694102
8,0.005,color_03,color_08,37,0.22699386503067484,0.3008130081300813,0.8409090909090909,0.2846153846153846,1.1143754619364377,0.15623539588349036
8,0.005,color_03,color_09,77,0.4723926380368098,0.6260162601626016,0.875,0.5746268656716418,1.1595528455284554,0.21356857094944193
8,0.005,color_03,color_10,74,0.4539877300613497,0.6016260162601627,0.6981132075471698,0.4774193548387097,0.9251418929283632,-0.11225344004241172
8,0.005,color_03,color_11,59,0.3619631901840491,0.4796747967479675,0.6276595744680851,0.37341772151898733,0.8317765092544543,-0.2657321534239583
8,0.005,color_03,color_12,91,0.558282208588957,0.7398373983739838,0.7,0.5617283950617284,0.9276422764227643,-0.10835952393792044
8,0.005,color_04,color_05,67,0.4110429447852761,0.6090909090909091,0.6261682242990654,0.44666666666666666,0.9278674596431606,-0.10800935523695647
8,0.005,color_04,color_06,60,0.36809815950920244,0.5454545454545454,0.625,0.410958904109589,0.9261363636363636,-0.11070346440621968
8,0.005,color_04,color_07,43,0.26380368098159507,0.39090909090909093,0.6515151515151515,0.3233082706766917,0.965426997245179,-0.05076092394993765
8,0.005,color_04,color_08,26,0.15950920245398773,0.23636363636363636,0.5909090909090909,0.203125,0.8756198347107439,-0.19162345978978698
8,0.005,color_04,color_09,42,0.25766871165644173,0.38181818181818183,0.4772727272727273,0.2692307692307692,0.7072314049586778,-0.4997457551521189
8,0.005,color_04,color_10,83,0.50920245398773,0.7545454545454545,0.7830188679245284,0.6240601503759399,1.1602915951972554,0.21448741749014336
8,0.005,color_04,color_11,75,0.4601226993865031,0.6818181818181818,0.7978723404255319,0.5813953488372093,1.182301740812379,0.24159827952466137
8,0.005,color_04,color_12,89,0.5460122699386503,0.8090909090909091,0.6846153846153846,0.5894039735099338,1.0144755244755246,0.020734058644361345
8,0.005,color_05,color_06,60,0.36809815950920244,0.5607476635514018,0.625,0.4195804195804196,0.9521028037383177,-0.07081073728270716
8,0.005,color_05,color_07,40,0.24539877300613497,0.37383177570093457,0.6060606060606061,0.3007518796992481,0.9232512036250354,-0.11520485664116044
8,0.005,color_05,color_08,30,0.18404907975460122,0.2803738317757009,0.6818181818181818,0.24793388429752067,1.0386576040781648,0.054720144801151796
8,0.005,color_05,color_09,59,0.3619631901840491,0.5514018691588785,0.6704545454545454,0.4338235294117647,1.0213466440101955,0.030472598554474706
8,0.005,color_05,color_10,64,0.39263803680981596,0.5981308411214953,0.6037735849056604,0.42953020134228187,0.9197672368189032,-0.12065928673326863
8,0.005,color_05,color_11,59,0.3619631901840491,0.5514018691588785,0.6276595744680851,0.4154929577464789,0.9561543050308212,-0.06468463448586553
8,0.005,color_05,color_12,85,0.5214723926380368,0.794392523364486,0.6538461538461539,0.5592105263157895,0.9960460100647017,-0.005715709060822043
8,0.005,color_06,color_07,23,0.1411042944785276,0.23958333333333334,0.3484848484848485,0.16546762589928057,0.5916982323232323,-0.7570665097915193
8,0.005,color_06,color_08,30,0.18404907975460122,0.3125,0.6818181818181818,0.2727272727272727,1.1576704545454544,0.21122463048114243
8,0.005,color_06,color_09,55,0.3374233128834356,0.5729166666666666,0.625,0.4263565891472868,1.0611979166666665,0.08569374839728351
8,0.005,color_06,color_10,52,0.31901840490797545,0.5416666666666666,0.49056603773584906,0.3466666666666667,0.832940251572327,-0.26371508291218576
8,0.005,color_06,color_11,51,0.3128834355828221,0.53125,0.5425531914893617,0.3669064748201439,0.9212101063829787,-0.1183978561962204
8,0.005,color_06,color_12,80,0.49079754601226994,0.8333333333333334,0.6153846153846154,0.547945205479452,1.0448717948717947,0.063325935368829
8,0.005,color_07,color_08,15,0.09202453987730061,0.22727272727272727,0.3409090909090909,0.15789473684210525,0.8419421487603306,-0.2482069881561546
8,0.005,color_07,color_09,38,0.2331288343558282,0.5757575757575758,0.4318181818181818,0.3275862068965517,1.0664600550964187,0.09282992967891235
8,0.005,color_07,color_10,44,0.26993865030674846,0.6666666666666666,0.41509433962264153,0.34375,1.0251572327044025,0.03584519894672218
8,0.005,color_07,color_11,37,0.22699386503067484,0.5606060606060606,0.39361702127659576,0.3008130081300813,0.9721147646679561,-0.04080145117606356
8,0.005,color_07,color_12,46,0.2822085889570552,0.696969696969697,0.35384615384615387,0.30666666666666664,0.8738927738927739,-0.19447182209881755
8,0.005,color_08,color_09,21,0.12883435582822086,0.4772727272727273,0.23863636363636365,0.1891891891891892,0.8840392561983472,-0.17781766026475648
8,0.005,color_08,color_10,22,0.13496932515337423,0.5,0.20754716981132076,0.171875,0.7688679245283019,-0.37919230033212165
8,0.005,color_08,color_11,21,0.12883435582822086,0.4772727272727273,0.22340425531914893,0.1794871794871795,0.8276112185686654,-0.2729748933050968
8,0.005,color_08,color_12,26,0.15950920245398773,0.5909090909090909,0.2,0.17567567567567569,0.740909090909091,-0.43263155929358194
8,0.005,color_09,color_10,48,0.294478527607362,0.5454545454545454,0.4528301886792453,0.3287671232876712,0.8387650085763294,-0.25366141824826255
8,0.005,color_09,color_11,25,0.15337423312883436,0.2840909090909091,0.26595744680851063,0.1592356687898089,0.4926257253384913,-1.0214361263091323
8,0.005,color_09,color_12,63,0.38650306748466257,0.7159090909090909,0.4846153846153846,0.4064516129032258,0.8976398601398602,-0.15579135393475765
8,0.005,color_10,color_11,72,0.44171779141104295,0.6792452830188679,0.7659574468085106,0.5625,1.1778402248093134,0.23614384943255318
8,0.005,color_10,color_12,88,0.5398773006134969,0.8301886792452831,0.676923076923077,0.5945945945945946,1.0409288824383165,0.057871505276721254
8,0.005,color_11,color_12,82,0.5030674846625767,0.8723404255319149,0.6307692307692307,0.5774647887323944,1.0937806873977087,0.12932349414306943
8,0.01,color_01,color_02,55,0.3374233128834356,0.8088235294117647,0.4230769230769231,0.38461538461538464,1.0141402714932128,0.020257213476943484
8,0.01,color_01,color_03,56,0.34355828220858897,0.8235294117647058,0.45528455284552843,0.4148148148148148,1.091343854615017,0.12610572969910264
8,0.01,color_01,color_04,32,0.19631901840490798,0.47058823529411764,0.2909090909090909,0.2191780821917808,0.6973262032085562,-0.5200944005439213
8,0.01,color_01,color_05,34,0.2085889570552147,0.5,0.4146341463414634,0.29310344827586204,0.9939024390243902,-0.008823850387006149
8,0.01,color_01,color_06,34,0.2085889570552147,0.5,0.3617021276595745,0.265625,0.8670212765957447,-0.20586069744655983
8,0.01,color_01,color_07,37,0.22699386503067484,0.5441176470588235,0.5606060606060606,0.38144329896907214,1.3438057040998217,0.4263245592512344
8,0.01,color_01,color_08,15,0.09202453987730061,0.22058823529411764,0.3409090909090909,0.15463917525773196,0.8171791443850268,-0.2912757100480404
8,0.01,color_01,color_09,53,0.32515337423312884,0.7794117647058824,0.6022727272727273,0.5145631067961165,1.443683155080214,0.5297541489066402
8,0.01,color_01,color_10,32,0.19631901840490798,0.47058823529411764,0.3018867924528302,0.22535211267605634,0.7236403995560489,-0.46665514158246096
8,0.01,color_01,color_11,22,0.13496932515337423,0.3235294117647059,0.23404255319148937,0.15714285714285714,0.5610137672090113,-0.8338919200596019
8,0.01,color_01,color_12,46,0.2822085889570552,0.6764705882352942,0.35384615384615387,0.3026315789473684,0.8481900452488688,-0.2375405439907035
8,0.01,color_02,color_03,96,0.588957055214724,0.7384615384615385,0.7804878048780488,0.6114649681528662,0.978611632270169,-0.031191663415460424
8,0.01,color_02,color_04,84,0.5153374233128835,0.6461538461538462,0.7636363636363637,0.5384615384615384,0.9574825174825177,-0.062681949543276
8,0.01,color_02,color_05,66,0.4049079754601227,0.5076923076923077,0.8048780487804879,0.4520547945205479,1.0091932457786117,0.013202455942992873
8,0.01,color_02,color_06,78,0.4785276073619632,0.6,0.8297872340425532,0.5342465753424658,1.0404255319148936,0.05717370838723402
8,0.01,color_02,color_07,45,0.27607361963190186,0.34615384615384615,0.6818181818181818,0.2980132450331126,0.8548951048951049,-0.2261806818261557
8,0.01,color_02,color_08,37,0.22699386503067484,0.2846153846153846,0.8409090909090909,0.27007299270072993,1.0543706293706294,0.07638208819427564
8,0.01,color_02,color_09,74,0.4539877300613497,0.5692307692307692,0.8409090909090909,0.5138888888888888,1.0543706293706294,0.07638208819427564
8,0.01,color_02,color_10,77,0.4723926380368098,0.5923076923076923,0.7264150943396226,0.48427672955974843,0.9108127721335268,-0.13477357266567477
8,0.01,color_02,color_11,74,0.4539877300613497,0.5692307692307692,0.7872340425531915,0.49333333333333335,0.9870703764320785,-0.018775144846064618
8,0.01,color_02,color_12,102,0.6257668711656442,0.7846153846153846,0.7846153846153846,0.6455696202531646,0.9837869822485209,-0.023582129854335592
8,0.01,color_03,color_04,76,0.4662576687116564,0.6178861788617886,0.6909090909090909,0.4840764331210191,0.9155949741315594,-0.12721855118923653
8,0.01,color_03,color_05,63,0.38650306748466257,0.5121951219512195,0.7682926829268293,0.44366197183098594,1.0181439619274242,0.025941567773670494
8,0.01,color_03,color_06,74,0.4539877300613497,0.6016260162601627,0.7872340425531915,0.5174825174825175,1.043245113302197,0.0610781628431502
8,0.01,color_03,color_07,45,0.27607361963190186,0.36585365853658536,0.6818181818181818,0.3125,0.9035476718403548,-0.14632737413694102
8,0.01,color_03,color_08,37,0.22699386503067484,0.3008130081300813,0.8409090909090909,0.2846153846153846,1.1143754619364377,0.15623539588349036
8,0.01,color_03,color_09,77,0.4723926380368098,0.6260162601626016,0.875,0.5746268656716418,1.1595528455284554,0.21356857094944193
8,0.01,color_03,color_10,74,0.4539877300613497,0.6016260162601627,0.6981132075471698,0.4774193548387097,0.9251418929283632,-0.11225344004241172
8,0.01,color_03,color_11,59,0.3619631901840491,0.4796747967479675,0.6276595744680851,0.37341772151898733,0.8317765092544543,-0.2657321534239583
8,0.01,color_03,color_12,91,0.558282208588957,0.7398373983739838,0.7,0.5617283950617284,0.9276422764227643,-0.10835952393792044
8,0.01,color_04,color_05,50,0.3067484662576687,0.45454545454545453,0.6097560975609756,0.352112676056338,0.9035476718403549,-0.14632737413694086
8,0.01,color_04,color_06,58,0.3558282208588957,0.5272727272727272,0.6170212765957447,0.3972602739726027,0.9143133462282398,-0.1292394158436474
8,0.01,color_04,color_07,43,0.26380368098159507,0.39090909090909093,0.6515151515151515,0.3233082706766917,0.965426997245179,-0.05076092394993765
8,0.01,color_04,color_08,26,0.15950920245398773,0.23636363636363636,0.5909090909090909,0.203125,0.8756198347107439,-0.19162345978978698
8,0.01,color_04,color_09,42,0.25766871165644173,0.38181818181818183,0.4772727272727273,0.2692307692307692,0.7072314049586778,-0.4997457551521189
8,0.01,color_04,color_10,83,0.50920245398773,0.7545454545454545,0.7830188679245284,0.6240601503759399,1.1602915951972554,0.21448741749014336
8,0.01,color_04,color_11,75,0.4601226993865031,0.6818181818181818,0.7978723404255319,0.5813953488372093,1.182301740812379,0.24159827952466137
8,0.01,color_04,color_12,89,0.5460122699386503,0.8090909090909091,0.6846153846153846,0.5894039735099338,1.0144755244755246,0.020734058644361345
8,0.01,color_05,color_06,50,0.3067484662576687,0.6097560975609756,0.5319148936170213,0.3968253968253968,1.057343020238713,0.08044348771008125
8,0.01,color_05,color_07,26,0.15950920245398773,0.3170731707317073,0.3939393939393939,0.21311475409836064,0.7830746489283076,-0.3527782516043672
8,0.01,color_05,color_08,28,0.17177914110429449,0.34146341463414637,0.6363636363636364,0.2857142857142857,1.2649667405764968,0.3390994530333009
8,0.01,color_05,color_09,47,0.2883435582822086,0.573170731707317,0.5340909090909091,0.3821138211382114,1.061668514412417,0.0863333826533341
8,0.01,color_05,color_10,43,0.26380368098159507,0.524390243902439,0.4056603773584906,0.296551724137931,0.8063736769443166,-0.31047955024810736
8,0.01,color_05,color_11,44,0.26993865030674846,0.5365853658536586,0.46808510638297873,0.3333333333333333,0.9304618578100675,-0.10398108342734617
8,0.01,color_05,color_12,65,0.3987730061349693,0.7926829268292683,0.5,0.4421768707482993,0.9939024390243902,-0.008823850387006149
8,0.01,color_06,color_07,21,0.12883435582822086,0.22340425531914893,0.3181818181818182,0.1510791366906475,0.5517408123791102,-0.857937394026253
8,0.01,color_06,color_08,28,0.17177914110429449,0.2978723404255319,0.6363636363636364,0.2545454545454545,1.1034816247582204,0.14206260597374692
8,0.01,color_06,color_09,55,0.3374233128834356,0.5851063829787234,0.625,0.4330708661417323,1.0837765957446808,0.11606739744080243
8,0.01,color_06,color_10,50,0.3067484662576687,0.5319148936170213,0.4716981132075472,0.3333333333333333,0.8179446005620232,-0.2899249622350344
8,0.01,color_06,color_11,49,0.3006134969325153,0.5212765957446809,0.5212765957446809,0.35251798561151076,0.9039157990040743,-0.14573970500898895
8,0.01,color_06,color_12,79,0.48466257668711654,0.8404255319148937,0.6076923076923076,0.5448275862068965,1.0537643207855973,0.07555223770208855
8,0.01,color_07,color_08,15,0.09202453987730061,0.22727272727272727,0.3409090909090909,0.15789473684210525,0.8419421487603306,-0.2482069881561546
8,0.01,color_07,color_09,38,0.2331288343558282,0.5757575757575758,0.4318181818181818,0.3275862068965517,1.0664600550964187,0.09282992967891235
8,0.01,color_07,color_10,44,0.26993865030674846,0.6666666666666666,0.41509433962264153,0.34375,1.0251572327044025,0.03584519894672218
8,0.01,color_07,color_11,37,0.22699386503067484,0.5606060606060606,0.39361702127659576,0.3008130081300813,0.9721147646679561,-0.04080145117606356
8,0.01,color_07,color_12,46,0.2822085889570552,0.696969696969697,0.35384615384615387,0.30666666666666664,0.8738927738927739,-0.19447182209881755
8,0.01,color_08,color_09,21,0.12883435582822086,0.4772727272727273,0.23863636363636365,0.1891891891891892,0.8840392561983472,-0.17781766026475648
8,0.01,color_08,color_10,22,0.13496932515337423,0.5,0.20754716981132076,0.171875,0.7688679245283019,-0.37919230033212165
8,0.01,color_08,color_11,21,0.12883435582822086,0.4772727272727273,0.22340425531914893,0.1794871794871795,0.8276112185686654,-0.2729748933050968
8,0.01,color_08,color_12,26,0.15950920245398773,0.5909090909090909,0.2,0.17567567567567569,0.740909090909091,-0.43263155929358194
8,0.01,color_09,color_10,48,0.294478527607362,0.5454545454545454,0.4528301886792453,0.3287671232876712,0.8387650085763294,-0.25366141824826255
8,0.01,color_09,color_11,25,0.15337423312883436,0.2840909090909091,0.26595744680851063,0.1592356687898089,0.4926257253384913,-1.0214361263091323
8,0.01,color_09,color_12,63,0.38650306748466257,0.7159090909090909,0.4846153846153846,0.4064516129032258,0.8976398601398602,-0.15579135393475765
8,0.01,color_10,color_11,72,0.44171779141104295,0.6792452830188679,0.7659574468085106,0.5625,1.1778402248093134,0.23614384943255318
8,0.01,color_10,color_12,88,0.5398773006134969,0.8301886792452831,0.676923076923077,0.5945945945945946,1.0409288824383165,0.057871505276721254
8,0.01,color_11,color_12,82,0.5030674846625767,0.8723404255319149,0.6307692307692307,0.5774647887323944,1.0937806873977087,0.12932349414306943
8,0.02,color_01,color_02,55,0.3374233128834356,0.8088235294117647,0.4263565891472868,0.3873239436619718,1.0220018239854083,0.031397771082143866
8,0.02,color_01,color_03,56,0.34355828220858897,0.8235294117647058,0.45528455284552843,0.4148148148148148,1.091343854615017,0.12610572969910264
8,0.02,color_01,color_04,32,0.19631901840490798,0.47058823529411764,0.2909090909090909,0.2191780821917808,0.6973262032085562,-0.5200944005439213
8,0.02,color_01,color_05,19,0.1165644171779141,0.27941176470588236,0.36538461538461536,0.18811881188118812,0.8758484162895928,-0.19124689171676854
8,0.02,color_01,color_06,34,0.2085889570552147,0.5,0.37362637362637363,0.272,0.8956043956043956,-0.15906648596761866
8,0.02,color_01,color_07,37,0.22699386503067484,0.5441176470588235,0.5606060606060606,0.38144329896907214,1.3438057040998217,0.4263245592512344
8,0.02,color_01,color_08,15,0.09202453987730061,0.22058823529411764,0.3488372093023256,0.15625,0.8361833105335158,-0.25810884611284113
8,0.02,color_01,color_09,53,0.32515337423312884,0.7794117647058824,0.6022727272727273,0.5145631067961165,1.443683155080214,0.5297541489066402
8,0.02,color_01,color_10,32,0.19631901840490798,0.47058823529411764,0.3018867924528302,0.22535211267605634,0.7236403995560489,-0.46665514158246096
8,0.02,color_01,color_11,22,0.13496932515337423,0.3235294117647059,0.23404255319148937,0.15714285714285714,0.5610137672090113,-0.8338919200596019
8,0.02,color_01,color_12,46,0.2822085889570552,0.6764705882352942,0.35384615384615387,0.3026315789473684,0.8481900452488688,-0.2375405439907035
8,0.02,color_02,color_03,95,0.5828220858895705,0.7364341085271318,0.7723577235772358,0.6050955414012739,0.975924875527825,-0.035157998200468624
8,0.02,color_02,color_04,83,0.50920245398773,0.6434108527131783,0.7545454545454545,0.532051282051282,0.9534178999295277,-0.06881938336991156
8,0.02,color_02,color_05,44,0.26993865030674846,0.34108527131782945,0.8461538461538461,0.32116788321167883,1.0691711389385807,0.09649279930402845
8,0.02,color_02,color_06,76,0.4662576687116564,0.5891472868217055,0.8351648351648352,0.5277777777777778,1.055285799471846,0.0776337720527128
8,0.02,color_02,color_07,44,0.26993865030674846,0.34108527131782945,0.6666666666666666,0.2913907284768212,0.8423772609819121,-0.24746160191333277
8,0.02,color_02,color_08,37,0.22699386503067484,0.2868217054263566,0.8604651162790697,0.2740740740740741,1.087254371732468,0.12068950973467539
8,0.02,color_02,color_09,74,0.4539877300613497,0.5736434108527132,0.8409090909090909,0.5174825174825175,1.0625440451021846,0.08752264579947588
8,0.02,color_02,color_10,76,0.4662576687116564,0.5891472868217055,0.7169811320754716,0.4779874213836478,0.9059529033201695,-0.14249204231179047
8,0.02,color_02,color_11,73,0.44785276073619634,0.5658914728682171,0.776595744680851,0.4866666666666667,0.9812798944416956,-0.027263393989796592
8,0.02,color_02,color_12,101,0.6196319018404908,0.7829457364341085,0.7769230769230769,0.6392405063291139,0.9816935002981515,-0.026655431468836283
8,0.02,color_03,color_04,76,0.4662576687116564,0.6178861788617886,0.6909090909090909,0.4840764331210191,0.9155949741315594,-0.12721855118923653
8,0.02,color_03,color_05,42,0.25766871165644173,0.34146341463414637,0.8076923076923077,0.3157894736842105,1.0703564727954973,0.09809135352950593
8,0.02,color_03,color_06,71,0.43558282208588955,0.5772357723577236,0.7802197802197802,0.4965034965034965,1.0339497900473509,0.048166128197823274
8,0.02,color_03,color_07,45,0.27607361963190186,0.36585365853658536,0.6818181818181818,0.3125,0.9035476718403548,-0.14632737413694102
8,0.02,color_03,color_08,36,0.22085889570552147,0.2926829268292683,0.8372093023255814,0.27692307692307694,1.109472490073738,0.14987389563205222
8,0.02,color_03,color_09,77,0.4723926380368098,0.6260162601626016,0.875,0.5746268656716418,1.1595528455284554,0.21356857094944193
8,0.02,color_03,color_10,74,0.4539877300613497,0.6016260162601627,0.6981132075471698,0.4774193548387097,0.9251418929283632,-0.11225344004241172
8,0.02,color_03,color_11,59,0.3619631901840491,0.4796747967479675,0.6276595744680851,0.37341772151898733,0.8317765092544543,-0.2657321534239583
8,0.02,color_03,color_12,91,0.558282208588957,0.7398373983739838,0.7,0.5617283950617284,0.9276422764227643,-0.10835952393792044
8,0.02,color_04,color_05,29,0.17791411042944785,0.2636363636363636,0.5576923076923077,0.21804511278195488,0.8263986013986014,-0.27509028230710203
8,0.02,color_04,color_06,56,0.34355828220858897,0.509090909090909,0.6153846153846154,0.38620689655172413,0.9118881118881119,-0.13307127743467417
8,0.02,color_04,color_07,43,0.26380368098159507,0.39090909090909093,0.6515151515151515,0.3233082706766917,0.965426997245179,-0.05076092394993765
8,0.02,color_04,color_08,25,0.15337423312883436,0.22727272727272727,0.5813953488372093,0.1953125,0.8615221987315012,-0.21504012422095514
8,0.02,color_04,color_09,42,0.25766871165644173,0.38181818181818183,0.4772727272727273,0.2692307692307692,0.7072314049586778,-0.4997457551521189
8,0.02,color_04,color_10,83,0.50920245398773,0.7545454545454545,0.7830188679245284,0.6240601503759399,1.1602915951972554,0.21448741749014336
8,0.02,color_04,color_11,75,0.4601226993865031,0.6818181818181818,0.7978723404255319,0.5813953488372093,1.182301740812379,0.24159827952466137
8,0.02,color_04,color_12,89,0.5460122699386503,0.8090909090909091,0.6846153846153846,0.5894039735099338,1.0144755244755246,0.020734058644361345
8,0.02,color_05,color_06,33,0.20245398773006135,0.6346153846153846,0.3626373626373626,0.3,1.1367286559594252,0.18488791524974255
8,0.02,color_05,color_07,17,0.10429447852760736,0.3269230769230769,0.25757575757575757,0.16831683168316833,0.8074009324009324,-0.3086428420181287
8,0.02,color_05,color_08,22,0.13496932515337423,0.4230769230769231,0.5116279069767442,0.3013698630136986,1.6037567084078712,0.6814553000251847
8,0.02,color_05,color_09,28,0.17177914110429449,0.5384615384615384,0.3181818181818182,0.25,0.9973776223776224,-0.0037882604897077287
8,0.02,color_05,color_10,28,0.17177914110429449,0.5384615384615384,0.2641509433962264,0.2153846153846154,0.828011611030479,-0.27227709641560954
8,0.02,color_05,color_11,30,0.18404907975460122,0.5769230769230769,0.3191489361702128,0.25862068965517243,1.0004091653027822,0.0005901800208664178
8,0.02,color_05,color_12,39,0.2392638036809816,0.75,0.3,0.2727272727272727,0.9403846153846154,-0.08867715807622079
8,0.02,color_06,color_07,20,0.12269938650306748,0.21978021978021978,0.30303030303030304,0.145985401459854,0.5427905427905428,-0.8815325104387097
8,0.02,color_06,color_08,26,0.15950920245398773,0.2857142857142857,0.6046511627906976,0.24074074074074073,1.0830564784053158,0.11510847747137579
8,0.02,color_06,color_09,53,0.32515337423312884,0.5824175824175825,0.6022727272727273,0.42063492063492064,1.0787962037962038,0.10942234995828319
8,0.02,color_06,color_10,47,0.2883435582822086,0.5164835164835165,0.44339622641509435,0.31333333333333335,0.7942152187435206,-0.3323980888531805
8,0.02,color_06,color_11,47,0.2883435582822086,0.5164835164835165,0.5,0.34057971014492755,0.8956043956043955,-0.15906648596761883
8,0.02,color_06,color_12,77,0.4723926380368098,0.8461538461538461,0.5923076923076923,0.5347222222222222,1.0609467455621302,0.08535224169882817
8,0.02,color_07,color_08,15,0.09202453987730061,0.22727272727272727,0.3488372093023256,0.1595744680851064,0.861522198731501,-0.2150401242209553
8,0.02,color_07,color_09,38,0.2331288343558282,0.5757575757575758,0.4318181818181818,0.3275862068965517,1.0664600550964187,0.09282992967891235
8,0.02,color_07,color_10,44,0.26993865030674846,0.6666666666666666,0.41509433962264153,0.34375,1.0251572327044025,0.03584519894672218
8,0.02,color_07,color_11,37,0.22699386503067484,0.5606060606060606,0.39361702127659576,0.3008130081300813,0.9721147646679561,-0.04080145117606356
8,0.02,color_07,color_12,46,0.2822085889570552,0.696969696969697,0.35384615384615387,0.30666666666666664,0.8738927738927739,-0.19447182209881755
8,0.02,color_08,color_09,21,0.12883435582822086,0.4883720930232558,0.23863636363636365,0.19090909090909092,0.9045983086680762,-0.14465079632955719
8,0.02,color_08,color_10,21,0.12883435582822086,0.4883720930232558,0.19811320754716982,0.1640625,0.750987275120667,-0.41313963225545924
8,0.02,color_08,color_11,20,0.12269938650306748,0.46511627906976744,0.2127659574468085,0.17094017094017094,0.8065314200890649,-0.3101973572612953
8,0.02,color_08,color_12,25,0.15337423312883436,0.5813953488372093,0.19230769230769232,0.16891891891891891,0.7289803220035779,-0.45604822372475007
8,0.02,color_09,color_10,48,0.294478527607362,0.5454545454545454,0.4528301886792453,0.3287671232876712,0.8387650085763294,-0.25366141824826255
8,0.02,color_09,color_11,25,0.15337423312883436,0.2840909090909091,0.26595744680851063,0.1592356687898089,0.4926257253384913,-1.0214361263091323
8,0.02,color_09,color_12,63,0.38650306748466257,0.7159090909090909,0.4846153846153846,0.4064516129032258,0.8976398601398602,-0.15579135393475765
8,0.02,color_10,color_11,72,0.44171779141104295,0.6792452830188679,0.7659574468085106,0.5625,1.1778402248093134,0.23614384943255318
8,0.02,color_10,color_12,88,0.5398773006134969,0.8301886792452831,0.676923076923077,0.5945945945945946,1.0409288824383165,0.057871505276721254
8,0.02,color_11,color_12,82,0.5030674846625767,0.8723404255319149,0.6307692307692307,0.5774647887323944,1.0937806873977087,0.12932349414306943
16,0.005,color_01,color_02,81,0.49693251533742333,0.9101123595505618,0.5436241610738255,0.5159235668789809,0.9956262725284669,-0.006323794312857073
16,0.005,color_01,color_03,88,0.5398773006134969,0.9887640449438202,0.5569620253164557,0.5534591194968553,1.0200540463660932,0.028645593724874394
16,0.005,color_01,color_04,78,0.4785276073619632,0.8764044943820225,0.527027027027027,0.49056603773584906,0.9652292742180384,-0.05105642350202145
16,0.005,color_01,color_05,63,0.38650306748466257,0.7078651685393258,0.5478260869565217,0.44680851063829785,1.0033219345383488,0.004784595820221096
16,0.005,color_01,color_06,68,0.4171779141104294,0.7640449438202247,0.5230769230769231,0.4503311258278146,0.9579948141745896,-0.06191024851343501
16,0.005,color_01,color_07,55,0.3374233128834356,0.6179775280898876,0.6626506024096386,0.4700854700854701,1.2136185190199,0.2793150054424149
16,0.005,color_01,color_08,44,0.26993865030674846,0.4943820224719101,0.5057471264367817,0.3333333333333333,0.9262559731370271,-0.11051715394675105
16,0.005,color_01,color_09,80,0.49079754601226994,0.898876404494382,0.6666666666666666,0.6201550387596899,1.2209737827715357,0.28803222254352373
16,0.005,color_01,color_10,70,0.4294478527607362,0.7865168539325843,0.5263157894736842,0.4605263157894737,0.9639266706091072,-0.053004695291543114
16,0.005,color_01,color_11,72,0.44171779141104295,0.8089887640449438,0.5070422535211268,0.4528301886792453,0.9286279474600413,-0.10682739479768967
16,0.005,color_01,color_12,82,0.5030674846625767,0.9213483146067416,0.5359477124183006,0.5125,0.9815671586986854,-0.026841114809888406
16,0.005,color_02,color_03,147,0.901840490797546,0.9865771812080537,0.930379746835443,0.91875,1.0177979780817263,0.025451230428177544
16,0.005,color_02,color_04,134,0.8220858895705522,0.8993288590604027,0.9054054054054054,0.8220858895705522,0.9904770542354435,-0.013804541402261332
16,0.005,color_02,color_05,109,0.6687116564417178,0.7315436241610739,0.9478260869565217,0.7032258064516129,1.0368835716370002,0.05225390760146696
16,0.005,color_02,color_06,125,0.7668711656441718,0.8389261744966443,0.9615384615384616,0.8116883116883117,1.0518843572534848,0.0729761054025486
16,0.005,color_02,color_07,70,0.4294478527607362,0.4697986577181208,0.8433734939759037,0.43209876543209874,0.922616641060888,-0.11619678063304203
16,0.005,color_02,color_08,81,0.49693251533742333,0.5436241610738255,0.9310344827586207,0.5225806451612903,1.0185142328164776,0.026466140804812268
16,0.005,color_02,color_09,111,0.6809815950920245,0.7449664429530202,0.925,0.7025316455696202,1.0119127516778523,0.017084904510503388
16,0.005,color_02,color_10,120,0.7361963190184049,0.8053691275167785,0.9022556390977443,0.7407407407407407,0.9870313367310893,-0.018832206123755284
16,0.005,color_02,color_11,130,0.7975460122699386,0.87248322147651,0.9154929577464789,0.8074534161490683,1.0015124302864165,0.002180327292688384
16,0.005,color_02,color_12,141,0.8650306748466258,0.9463087248322147,0.9215686274509803,0.8757763975155279,1.0081589682853005,0.011723143475057473
16,0.005,color_03,color_04,143,0.8773006134969326,0.9050632911392406,0.9662162162162162,0.8773006134969326,0.9967926787547042,-0.004634622796585506
16,0.005,color_03,color_05,112,0.6871165644171779,0.7088607594936709,0.9739130434782609,0.6956521739130435,1.0047330764997249,0.006812277167203593
16,0.005,color_03,color_06,128,0.7852760736196319,0.810126582278481,0.9846153846153847,0.8,1.0157740993184032,0.02257959302552029
16,0.005,color_03,color_07,80,0.49079754601226994,0.5063291139240507,0.963855421686747,0.4968944099378882,0.9943571755375935,-0.008163930405587641
16,0.005,color_03,color_08,86,0.5276073619631901,0.5443037974683544,0.9885057471264368,0.5408805031446541,1.0197875745671467,0.02826866490734418
16,0.005,color_03,color_09,119,0.7300613496932515,0.7531645569620253,0.9916666666666667,0.7484276729559748,1.0230485232067512,0.03287457375339984
16,0.005,color_03,color_10,128,0.7852760736196319,0.810126582278481,0.9624060150375939,0.7852760736196319,0.9928619015894167,-0.010335029447214837
16,0.005,color_03,color_11,137,0.8404907975460123,0.8670886075949367,0.9647887323943662,0.8404907975460123,0.9953200213941881,-0.006767630490180488
16,0.005,color_03,color_12,149,0.9141104294478528,0.9430379746835443,0.9738562091503268,0.9197530864197531,1.0046744436171093,0.006728083823484493
16,0.005,color_04,color_05,102,0.6257668711656442,0.6891891891891891,0.8869565217391304,0.6335403726708074,0.9768507638072856,-0.03378992037075172
16,0.005,color_04,color_06,115,0.7055214723926381,0.777027027027027,0.8846153846153846,0.7055214723926381,0.9742723492723494,-0.037602973481951324
16,0.005,color_04,color_07,81,0.49693251533742333,0.5472972972972973,0.9759036144578314,0.54,1.0748127645718009,0.10408536013982793
16,0.005,color_04,color_08,76,0.4662576687116564,0.5135135135135135,0.8735632183908046,0.4779874213836478,0.9621000310655482,-0.0557411938030152
16,0.005,color_04,color_09,105,0.6441717791411042,0.7094594594594594,0.875,0.6441717791411042,0.9636824324324325,-0.053370289340268086
16,0.005,color_04,color_10,130,0.7975460122699386,0.8783783783783784,0.9774436090225563,0.8609271523178808,1.0765088396667344,0.10636016612939266
16,0.005,color_04,color_11,137,0.8404907975460123,0.9256756756756757,0.9647887323943662,0.8954248366013072,1.0625713741910925,0.08755975205797241
16,0.005,color_04,color_12,140,0.8588957055214724,0.9459459459459459,0.9150326797385621,0.8695652173913043,1.0077724783607136,0.011169962854442373
16,0.005,color_05,color_06,101,0.6196319018404908,0.8782608695652174,0.7769230769230769,0.7013888888888888,1.1012040133779264,0.13908177301004251
16,0.005,color_05,color_07,49,0.3006134969325153,0.4260869565217391,0.5903614457831325,0.3288590604026846,0.8367731796752227,-0.25709148394501413
16,0.005,color_05,color_08,63,0.38650306748466257,0.5478260869565217,0.7241379310344828,0.45323741007194246,1.0263868065967015,0.03757453093789022
16,0.005,color_05,color_09,85,0.5214723926380368,0.7391304347826086,0.7083333333333334,0.5666666666666667,1.0039855072463768,0.005738443815885553
16,0.005,color_05,color_10,89,0.5460122699386503,0.7739130434782608,0.6691729323308271,0.559748427672956,0.9484798953906506,-0.07631090124808944
16,0.005,color_05,color_11,98,0.6012269938650306,0.8521739130434782,0.6901408450704225,0.6163522012578616,0.9781996325780772,-0.03179917210277148
16,0.005,color_05,color_12,110,0.6748466257668712,0.9565217391304348,0.7189542483660131,0.6962025316455697,1.0190394998579142,0.027209974118710192
16,0.005,color_06,color_07,53,0.32515337423312884,0.4076923076923077,0.6385542168674698,0.33125,0.80064874884152,-0.32075863558110235
16,0.005,color_06,color_08,70,0.4294478527607362,0.5384615384615384,0.8045977011494253,0.47619047619047616,1.0088417329796642,0.012699862298861426
16,0.005,color_06,color_09,99,0.6073619631901841,0.7615384615384615,0.825,0.6556291390728477,1.0344230769230771,0.0488263656737144
16,0.005,color_06,color_10,102,0.6257668711656442,0.7846153846153846,0.7669172932330827,0.6335403726708074,0.961596298438404,-0.05649675232707053
16,0.005,color_06,color_11,113,0.6932515337423313,0.8692307692307693,0.795774647887324,0.710691823899371,0.9977789815817986,-0.0032078158868711934
16,0.005,color_06,color_12,125,0.7668711656441718,0.9615384615384616,0.8169934640522876,0.7911392405063291,1.0243841126194067,0.034756783172058194
16,0.005,color_07,color_08,41,0.25153374233128833,0.4939759036144578,0.47126436781609193,0.3178294573643411,0.9254950837834095,-0.11170276834649182
16,0.005,color_07,color_09,60,0.36809815950920244,0.7228915662650602,0.5,0.4195804195804196,0.9819277108433736,-0.026311277115847045
16,0.005,color_07,color_10,77,0.4723926380368098,0.927710843373494,0.5789473684210527,0.5539568345323741,1.1369689283449589,0.1851928280778647
16,0.005,color_07,color_11,74,0.4539877300613497,0.891566265060241,0.5211267605633803,0.4900662251655629,1.0234176141184457,0.0333949690084206
16,0.005,color_07,color_12,75,0.4601226993865031,0.9036144578313253,0.49019607843137253,0.4658385093167702,0.9626742263170329,-0.054880429312617975
16,0.005,color_08,color_09,62,0.3803680981595092,0.7126436781609196,0.5166666666666667,0.42758620689655175,0.9680076628352492,-0.046909626839293846
16,0.005,color_08,color_10,69,0.4233128834355828,0.7931034482758621,0.518796992481203,0.45695364238410596,0.9719989629245528,-0.040973320340671256
16,0.005,color_08,color_11,70,0.4294478527607362,0.8045977011494253,0.49295774647887325,0.44025157232704404,0.923587502023636,-0.11467944417736639
16,0.005,color_08,color_12,78,0.4785276073619632,0.896551724137931,0.5098039215686274,0.48148148148148145,0.955149876042371,-0.06620096544805412
16,0.005,color_09,color_10,94,0.5766871165644172,0.7833333333333333,0.706766917293233,0.5911949685534591,0.9600250626566417,-0.0588560252009931
16,0.005,color_09,color_11,99,0.6073619631901841,0.825,0.6971830985915493,0.6073619631901841,0.9470070422535213,-0.07855294080251318
16,0.005,color_09,color_12,114,0.6993865030674846,0.95,0.7450980392156863,0.7169811320754716,1.0120915032679738,0.017339730094648866
16,0.005,color_10,color_11,122,0.7484662576687117,0.9172932330827067,0.8591549295774648,0.7973856209150327,1.0529492745949383,0.07443593678809245
16,0.005,color_10,color_12,124,0.7607361963190185,0.9323308270676691,0.8104575163398693,0.7654320987654321,0.9932674824315693,-0.009745813575888407
16,0.005,color_11,color_12,134,0.8220858895705522,0.9436619718309859,0.8758169934640523,0.8322981366459627,1.0053392248918347,0.007682382491516189
16,0.01,color_01,color_02,80,0.49079754601226994,0.898876404494382,0.547945205479452,0.5161290322580645,1.0035400954286595,0.005098259272025112
16,0.01,color_01,color_03,88,0.5398773006134969,0.9887640449438202,0.5569620253164557,0.5534591194968553,1.0200540463660932,0.028645593724874394
16,0.01,color_01,color_04,78,0.4785276073619632,0.8764044943820225,0.527027027027027,0.49056603773584906,0.9652292742180384,-0.05105642350202145
16,0.01,color_01,color_05,46,0.2822085889570552,0.5168539325842697,0.5542168674698795,0.36507936507936506,1.0150263977257346,0.021517247974768134
16,0.01,color_01,color_06,63,0.38650306748466257,0.7078651685393258,0.5206611570247934,0.42857142857142855,0.9535704336521497,-0.06858859050999828
16,0.01,color_01,color_07,55,0.3374233128834356,0.6179775280898876,0.6626506024096386,0.4700854700854701,1.2136185190199,0.2793150054424149
16,0.01,color_01,color_08,43,0.26380368098159507,0.48314606741573035,0.5058823529411764,0.3282442748091603,0.92650363516193,-0.1101314581709239
16,0.01,color_01,color_09,80,0.49079754601226994,0.898876404494382,0.6666666666666666,0.6201550387596899,1.2209737827715357,0.28803222254352373
16,0.01,color_01,color_10,70,0.4294478527607362,0.7865168539325843,0.5263157894736842,0.4605263157894737,0.9639266706091072,-0.053004695291543114
16,0.01,color_01,color_11,71,0.43558282208588955,0.797752808988764,0.5035460992907801,0.44654088050314467,0.9222248784763727,-0.11680950962943158
16,0.01,color_01,color_12,82,0.5030674846625767,0.9213483146067416,0.5359477124183006,0.5125,0.9815671586986854,-0.026841114809888406
16,0.01,color_02,color_03,144,0.8834355828220859,0.9863013698630136,0.9113924050632911,0.9,1.0175134385295648,0.025047848616269772
16,0.01,color_02,color_04,131,0.803680981595092,0.8972602739726028,0.8851351351351351,0.803680981595092,0.9881988152536098,-0.01712676874043921
16,0.01,color_02,color_05,80,0.49079754601226994,0.547945205479452,0.963855421686747,0.5369127516778524,1.0760851625680805,0.10579225889149788
16,0.01,color_02,color_06,117,0.7177914110429447,0.8013698630136986,0.9669421487603306,0.78,1.0795313030680402,0.11040507765987025
16,0.01,color_02,color_07,67,0.4110429447852761,0.4589041095890411,0.8072289156626506,0.41358024691358025,0.9012213236507676,-0.15004664553809183
16,0.01,color_02,color_08,77,0.4723926380368098,0.5273972602739726,0.9058823529411765,0.5,1.011361804995971,0.016299199908259867
16,0.01,color_02,color_09,108,0.6625766871165644,0.7397260273972602,0.9,0.6835443037974683,1.0047945205479452,0.006900501906010269
16,0.01,color_02,color_10,117,0.7177914110429447,0.8013698630136986,0.8796992481203008,0.7222222222222222,0.9821299824904727,-0.026014120566724877
16,0.01,color_02,color_11,126,0.7730061349693251,0.863013698630137,0.8936170212765957,0.782608695652174,0.9976683182745554,-0.003367833547816972
16,0.01,color_02,color_12,139,0.852760736196319,0.952054794520548,0.9084967320261438,0.86875,1.0142805980839824,0.020456825381915924
16,0.01,color_03,color_04,143,0.8773006134969326,0.9050632911392406,0.9662162162162162,0.8773006134969326,0.9967926787547042,-0.004634622796585506
16,0.01,color_03,color_05,80,0.49079754601226994,0.5063291139240507,0.963855421686747,0.4968944099378882,0.9943571755375935,-0.008163930405587641
16,0.01,color_03,color_06,119,0.7300613496932515,0.7531645569620253,0.9834710743801653,0.74375,1.014593576733968,0.02090193208732364
16,0.01,color_03,color_07,80,0.49079754601226994,0.5063291139240507,0.963855421686747,0.4968944099378882,0.9943571755375935,-0.008163930405587641
16,0.01,color_03,color_08,84,0.5153374233128835,0.5316455696202531,0.9882352941176471,0.5283018867924528,1.0195085629188385,0.02787389269503329
16,0.01,color_03,color_09,119,0.7300613496932515,0.7531645569620253,0.9916666666666667,0.7484276729559748,1.0230485232067512,0.03287457375339984
16,0.01,color_03,color_10,128,0.7852760736196319,0.810126582278481,0.9624060150375939,0.7852760736196319,0.9928619015894167,-0.010335029447214837
16,0.01,color_03,color_11,136,0.8343558282208589,0.8607594936708861,0.9645390070921985,0.8343558282208589,0.9950623933925845,-0.007141105094479666
16,0.01,color_03,color_12,149,0.9141104294478528,0.9430379746835443,0.9738562091503268,0.9197530864197531,1.0046744436171093,0.006728083823484493
16,0.01,color_04,color_05,71,0.43558282208588955,0.4797297297297297,0.8554216867469879,0.44375,0.9421198306740476,-0.08601752324011486
16,0.01,color_04,color_06,106,0.6503067484662577,0.7162162162162162,0.8760330578512396,0.6503067484662577,0.9648201920929194,-0.05166799410926757
16,0.01,color_04,color_07,81,0.49693251533742333,0.5472972972972973,0.9759036144578314,0.54,1.0748127645718009,0.10408536013982793
16,0.01,color_04,color_08,74,0.4539877300613497,0.5,0.8705882352941177,0.46540880503144655,0.9588235294117647,-0.06066278190662415
16,0.01,color_04,color_09,105,0.6441717791411042,0.7094594594594594,0.875,0.6441717791411042,0.9636824324324325,-0.053370289340268086
16,0.01,color_04,color_10,130,0.7975460122699386,0.8783783783783784,0.9774436090225563,0.8609271523178808,1.0765088396667344,0.10636016612939266
16,0.01,color_04,color_11,136,0.8343558282208589,0.918918918918919,0.9645390070921985,0.8888888888888888,1.0622963388920834,0.08718627745367341
16,0.01,color_04,color_12,140,0.8588957055214724,0.9459459459459459,0.9150326797385621,0.8695652173913043,1.0077724783607136,0.011169962854442373
16,0.01,color_05,color_06,72,0.44171779141104295,0.8674698795180723,0.5950413223140496,0.5454545454545454,1.1685751269540974,0.22475048705187065
16,0.01,color_05,color_07,35,0.2147239263803681,0.42168674698795183,0.42168674698795183,0.26717557251908397,0.8281318043257369,-0.2720676915178052
16,0.01,color_05,color_08,44,0.26993865030674846,0.5301204819277109,0.5176470588235295,0.3548387096774194,1.0165839829907868,0.023729405383748448
16,0.01,color_05,color_09,65,0.3987730061349693,0.7831325301204819,0.5416666666666666,0.47101449275362317,1.0637550200803214,0.08916594030408895
16,0.01,color_05,color_10,64,0.39263803680981596,0.7710843373493976,0.48120300751879697,0.42105263157894735,0.9450131352477581,-0.08159371261703659
16,0.01,color_05,color_11,67,0.4110429447852761,0.8072289156626506,0.475177304964539,0.4267515923566879,0.9331795266171068,-0.09977343905686822
16,0.01,color_05,color_12,80,0.49079754601226994,0.963855421686747,0.5228758169934641,0.5128205128205128,1.0268525080715016,0.03822897507886329
16,0.01,color_06,color_07,48,0.294478527607362,0.39669421487603307,0.5783132530120482,0.3076923076923077,0.7790500846360651,-0.3602120136692853
16,0.01,color_06,color_08,65,0.3987730061349693,0.5371900826446281,0.7647058823529411,0.46099290780141844,1.0301409820126397,0.04284179384723571
16,0.01,color_06,color_09,95,0.5828220858895705,0.7851239669421488,0.7916666666666666,0.6506849315068494,1.0664600550964187,0.09282992967891235
16,0.01,color_06,color_10,93,0.5705521472392638,0.768595041322314,0.6992481203007519,0.577639751552795,0.9419623438762196,-0.08625870743667502
16,0.01,color_06,color_11,103,0.6319018404907976,0.8512396694214877,0.7304964539007093,0.6477987421383647,0.9840572064943438,-0.02318590825909216
16,0.01,color_06,color_12,117,0.7177914110429447,0.9669421487603306,0.7647058823529411,0.7452229299363057,1.0301409820126395,0.042841793847235396
16,0.01,color_07,color_08,41,0.25153374233128833,0.4939759036144578,0.4823529411764706,0.3228346456692913,0.9472714386959605,-0.07815020863546493
16,0.01,color_07,color_09,60,0.36809815950920244,0.7228915662650602,0.5,0.4195804195804196,0.9819277108433736,-0.026311277115847045
16,0.01,color_07,color_10,77,0.4723926380368098,0.927710843373494,0.5789473684210527,0.5539568345323741,1.1369689283449589,0.1851928280778647
16,0.01,color_07,color_11,73,0.44785276073619634,0.8795180722891566,0.5177304964539007,0.48344370860927155,1.016747842433564,0.023961929365376534
16,0.01,color_07,color_12,75,0.4601226993865031,0.9036144578313253,0.49019607843137253,0.4658385093167702,0.9626742263170329,-0.054880429312617975
16,0.01,color_08,color_09,61,0.37423312883435583,0.7176470588235294,0.5083333333333333,0.4236111111111111,0.9748039215686276,-0.03681603995225623
16,0.01,color_08,color_10,67,0.4110429447852761,0.788235294117647,0.5037593984962406,0.44370860927152317,0.9660327288810262,-0.04985602695004121
16,0.01,color_08,color_11,68,0.4171779141104294,0.8,0.48226950354609927,0.43037974683544306,0.924822695035461,-0.11275129305507835
16,0.01,color_08,color_12,76,0.4662576687116564,0.8941176470588236,0.49673202614379086,0.4691358024691358,0.952556708958093,-0.07012311115569059
16,0.01,color_09,color_10,94,0.5766871165644172,0.7833333333333333,0.706766917293233,0.5911949685534591,0.9600250626566417,-0.0588560252009931
16,0.01,color_09,color_11,98,0.6012269938650306,0.8166666666666667,0.6950354609929078,0.6012269938650306,0.9440898345153664,-0.08300394966102631
16,0.01,color_09,color_12,114,0.6993865030674846,0.95,0.7450980392156863,0.7169811320754716,1.0120915032679738,0.017339730094648866
16,0.01,color_10,color_11,122,0.7484662576687117,0.9172932330827067,0.8652482269503546,0.8026315789473685,1.0604169999466753,0.08463170389398077
16,0.01,color_10,color_12,124,0.7607361963190185,0.9323308270676691,0.8104575163398693,0.7654320987654321,0.9932674824315693,-0.009745813575888407
16,0.01,color_11,color_12,133,0.8159509202453987,0.9432624113475178,0.869281045751634,0.8260869565217391,1.0049135493440875,0.007071394640821802
16,0.02,color_01,color_02,76,0.4662576687116564,0.8539325842696629,0.5547445255474452,0.5066666666666667,1.0159927827441975,0.022890153747738538
16,0.02,color_01,color_03,85,0.5214723926380368,0.9550561797752809,0.551948051948052,0.5379746835443038,1.0108711513205897,0.015599118707480427
16,0.02,color_01,color_04,78,0.4785276073619632,0.8764044943820225,0.527027027027027,0.49056603773584906,0.9652292742180384,-0.05105642350202145
16,0.02,color_01,color_05,25,0.15337423312883436,0.2808988764044944,0.5813953488372093,0.2336448598130841,1.0648027175333161,0.09058615833730684
16,0.02,color_01,color_06,53,0.32515337423312884,0.5955056179775281,0.53,0.3897058823529412,0.9706741573033708,-0.042941011946845686
16,0.02,color_01,color_07,54,0.3312883435582822,0.6067415730337079,0.6585365853658537,0.46153846153846156,1.2060838585913949,0.27033022081006464
16,0.02,color_01,color_08,36,0.22085889570552147,0.4044943820224719,0.5070422535211268,0.2903225806451613,0.9286279474600413,-0.10682739479768967
16,0.02,color_01,color_09,79,0.48466257668711654,0.8876404494382022,0.6810344827586207,0.626984126984127,1.247287872917474,0.31879447631421065
16,0.02,color_01,color_10,70,0.4294478527607362,0.7865168539325843,0.5263157894736842,0.4605263157894737,0.9639266706091072,-0.053004695291543114
16,0.02,color_01,color_11,70,0.4294478527607362,0.7865168539325843,0.5035971223021583,0.4430379746835443,0.9223183251151889,-0.11666333251386102
16,0.02,color_01,color_12,80,0.49079754601226994,0.898876404494382,0.54421768707483,0.5128205128205128,0.9967132920583965,-0.00474952668432204
16,0.02,color_02,color_03,132,0.8098159509202454,0.9635036496350365,0.8571428571428571,0.8301886792452831,1.0198123044838372,0.02830364993410272
16,0.02,color_02,color_04,122,0.7484662576687117,0.8905109489051095,0.8243243243243243,0.7484662576687117,0.9807654369698166,-0.02801995679551264
16,0.02,color_02,color_05,39,0.2392638036809816,0.2846715328467153,0.9069767441860465,0.2765957446808511,1.0791037175352234,0.10983353543070146
16,0.02,color_02,color_06,99,0.6073619631901841,0.7226277372262774,0.99,0.717391304347826,1.1778832116788323,0.23619650157543592
16,0.02,color_02,color_07,61,0.37423312883435583,0.44525547445255476,0.7439024390243902,0.3860759493670886,0.8850810040947125,-0.17611859578464661
16,0.02,color_02,color_08,63,0.38650306748466257,0.45985401459854014,0.8873239436619719,0.43448275862068964,1.0557211884445357,0.07822887526578502
16,0.02,color_02,color_09,103,0.6319018404907976,0.7518248175182481,0.8879310344827587,0.6866666666666666,1.0564434935816762,0.07921560332619697
16,0.02,color_02,color_10,108,0.6625766871165644,0.7883211678832117,0.8120300751879699,0.6666666666666666,0.9661379726688984,-0.049698862067170335
16,0.02,color_02,color_11,116,0.7116564417177914,0.8467153284671532,0.8345323741007195,0.725,0.9929107808643596,-0.010264006325384517
16,0.02,color_02,color_12,130,0.7975460122699386,0.948905109489051,0.8843537414965986,0.8441558441558441,1.0521872982769749,0.07339153946264075
16,0.02,color_03,color_04,139,0.852760736196319,0.9025974025974026,0.9391891891891891,0.852760736196319,0.994076869076869,-0.008570679369266294
16,0.02,color_03,color_05,43,0.26380368098159507,0.2792207792207792,1.0,0.2792207792207792,1.0584415584415583,0.08194161353617599
16,0.02,color_03,color_06,98,0.6012269938650306,0.6363636363636364,0.98,0.6282051282051282,1.0372727272727271,0.0527952678766595
16,0.02,color_03,color_07,77,0.4723926380368098,0.5,0.9390243902439024,0.48427672955974843,0.9939024390243902,-0.008823850387006149
16,0.02,color_03,color_08,69,0.4233128834355828,0.44805194805194803,0.971830985915493,0.4423076923076923,1.0286263032741907,0.04071895080966331
16,0.02,color_03,color_09,112,0.6871165644171779,0.7272727272727273,0.9655172413793104,0.7088607594936709,1.0219435736677116,0.03131554046620818
16,0.02,color_03,color_10,124,0.7607361963190185,0.8051948051948052,0.9323308270676691,0.7607361963190185,0.986817693584611,-0.019144511578137992
16,0.02,color_03,color_11,130,0.7975460122699386,0.8441558441558441,0.935251798561151,0.7975460122699386,0.9899093712043352,-0.014631646158876785
16,0.02,color_03,color_12,140,0.8588957055214724,0.9090909090909091,0.9523809523809523,0.8695652173913043,1.008039579468151,0.011552285644778289
16,0.02,color_04,color_05,38,0.2331288343558282,0.25675675675675674,0.8837209302325582,0.24836601307189543,0.9732872407291012,-0.03906245265638463
16,0.02,color_04,color_06,85,0.5214723926380368,0.5743243243243243,0.85,0.5214723926380368,0.9361486486486486,-0.09519046503489532
16,0.02,color_04,color_07,80,0.49079754601226994,0.5405405405405406,0.975609756097561,0.5333333333333333,1.0744891232696112,0.10365087887140662
16,0.02,color_04,color_08,61,0.37423312883435583,0.41216216216216217,0.8591549295774648,0.3860759493670886,0.946231442710316,-0.07973499333966792
16,0.02,color_04,color_09,101,0.6196319018404908,0.6824324324324325,0.8706896551724138,0.6196319018404908,0.95893522833178,-0.060494723773649665
16,0.02,color_04,color_10,130,0.7975460122699386,0.8783783783783784,0.9774436090225563,0.8609271523178808,1.0765088396667344,0.10636016612939266
16,0.02,color_04,color_11,135,0.8282208588957055,0.9121621621621622,0.9712230215827338,0.8881578947368421,1.0696577872836865,0.09714931292945121
16,0.02,color_04,color_12,134,0.8220858895705522,0.9054054054054054,0.9115646258503401,0.8322981366459627,1.003952932524361,0.005691634223535697
16,0.02,color_05,color_06,33,0.20245398773006135,0.7674418604651163,0.33,0.3,1.2509302325581395,0.32300132911270835
16,0.02,color_05,color_07,19,0.1165644171779141,0.4418604651162791,0.23170731707317074,0.1792452830188679,0.8783323879750425,-0.18716109164551858
16,0.02,color_05,color_08,24,0.147239263803681,0.5581395348837209,0.3380281690140845,0.26666666666666666,1.2813625941696694,0.35767878074545395
16,0.02,color_05,color_09,34,0.2085889570552147,0.7906976744186046,0.29310344827586204,0.272,1.1110665597433842,0.151945245651747
16,0.02,color_05,color_10,33,0.20245398773006135,0.7674418604651163,0.24812030075187969,0.23076923076923078,0.9405490470361952,-0.0884249166137564
16,0.02,color_05,color_11,37,0.22699386503067484,0.8604651162790697,0.26618705035971224,0.25517241379310346,1.0090346327589093,0.012975692434422113
16,0.02,color_05,color_12,41,0.25153374233128833,0.9534883720930233,0.2789115646258503,0.2751677852348993,1.0572694193956653,0.08034305931069902
16,0.02,color_06,color_07,38,0.2331288343558282,0.38,0.4634146341463415,0.2638888888888889,0.7553658536585365,-0.40475252671814554
16,0.02,color_06,color_08,50,0.3067484662576687,0.5,0.704225352112676,0.4132231404958678,1.147887323943662,0.19898103472639553
16,0.02,color_06,color_09,78,0.4785276073619632,0.78,0.6724137931034483,0.5652173913043478,1.0960344827586208,0.13229318819102923
16,0.02,color_06,color_10,74,0.4539877300613497,0.74,0.556390977443609,0.46540880503144655,0.9069172932330827,-0.14095710541588702
16,0.02,color_06,color_11,83,0.50920245398773,0.83,0.5971223021582733,0.532051282051282,0.9733093525179854,-0.03902967692023006
16,0.02,color_06,color_12,96,0.588957055214724,0.96,0.6530612244897959,0.6357615894039735,1.0644897959183675,0.09016212034114479
16,0.02,color_07,color_08,36,0.22085889570552147,0.43902439024390244,0.5070422535211268,0.3076923076923077,1.0079010649261424,0.011354031550624416
16,0.02,color_07,color_09,56,0.34355828220858897,0.6829268292682927,0.4827586206896552,0.39436619718309857,0.9596299411269975,-0.059449923456974106
16,0.02,color_07,color_10,76,0.4662576687116564,0.926829268292683,0.5714285714285714,0.5467625899280576,1.1358885017421603,0.18382122755538974
16,0.02,color_07,color_11,72,0.44171779141104295,0.8780487804878049,0.5179856115107914,0.48322147651006714,1.0296543253202317,0.04216007833179892
16,0.02,color_07,color_12,68,0.4171779141104294,0.8292682926829268,0.46258503401360546,0.422360248447205,0.9195287871246058,-0.12103335397303129
16,0.02,color_08,color_09,50,0.3067484662576687,0.704225352112676,0.43103448275862066,0.36496350364963503,0.9895580378824672,-0.015143770626451942
16,0.02,color_08,color_10,55,0.3374233128834356,0.7746478873239436,0.41353383458646614,0.3691275167785235,0.9493804934872393,-0.07494168725013439
16,0.02,color_08,color_11,53,0.32515337423312884,0.7464788732394366,0.381294964028777,0.3375796178343949,0.8753673117843754,-0.19203958343391256
16,0.02,color_08,color_12,59,0.3619631901840491,0.8309859154929577,0.4013605442176871,0.3710691823899371,0.9214333620772254,-0.11804826074812746
16,0.02,color_09,color_10,90,0.5521472392638037,0.7758620689655172,0.6766917293233082,0.5660377358490566,0.9508685506870627,-0.07268218006800918
16,0.02,color_09,color_11,93,0.5705521472392638,0.8017241379310345,0.6690647482014388,0.5740740740740741,0.9401513272140909,-0.08903510251197046
16,0.02,color_09,color_12,108,0.6625766871165644,0.9310344827586207,0.7346938775510204,0.6967741935483871,1.032371569317382,0.04596231643060948
16,0.02,color_10,color_11,121,0.7423312883435583,0.9097744360902256,0.8705035971223022,0.8013245033112583,1.0668577919619193,0.09336788328097521
16,0.02,color_10,color_12,118,0.7239263803680982,0.8872180451127819,0.8027210884353742,0.7283950617283951,0.9837859956012482,-0.02358357674463486
16,0.02,color_11,color_12,126,0.7730061349693251,0.9064748201438849,0.8571428571428571,0.7875,1.0051387461459405,0.007394660171122286
32,0.005,color_01,color_02,101,0.6196319018404908,0.9351851851851852,0.6516129032258065,0.6234567901234568,0.983452807646356,-0.024072270454833847
32,0.005,color_01,color_03,107,0.656441717791411,0.9907407407407407,0.66875,0.6645962732919255,1.0093171296296297,0.013379543581393732
32,0.005,color_01,color_04,105,0.6441717791411042,0.9722222222222222,0.660377358490566,0.6481481481481481,0.9966806429070579,-0.004796785550623813
32,0.005,color_01,color_05,75,0.4601226993865031,0.6944444444444444,0.6696428571428571,0.5172413793103449,1.0106646825396826,0.015304420505885803
32,0.005,color_01,color_06,93,0.5705521472392638,0.8611111111111112,0.6642857142857143,0.6,1.002579365079365,0.00371644623067393
32,0.005,color_01,color_07,82,0.5030674846625767,0.7592592592592593,0.7884615384615384,0.6307692307692307,1.1899928774928776,0.2509529385446007
32,0.005,color_01,color_08,66,0.4049079754601227,0.6111111111111112,0.6346153846153846,0.4520547945205479,0.9577991452991453,-0.06220494671502966
32,0.005,color_01,color_09,105,0.6441717791411042,0.9722222222222222,0.7553956834532374,0.7394366197183099,1.1400879296562751,0.18914509701022442
32,0.005,color_01,color_10,99,0.6073619631901841,0.9166666666666666,0.6827586206896552,0.6428571428571429,1.0304597701149427,0.04328818213228443
32,0.005,color_01,color_11,102,0.6257668711656442,0.9444444444444444,0.6623376623376623,0.6375,0.9996392496392498,-0.0005205466557965745
32,0.005,color_01,color_12,105,0.6441717791411042,0.9722222222222222,0.660377358490566,0.6481481481481481,0.9966806429070579,-0.004796785550623813
32,0.005,color_02,color_03,154,0.9447852760736196,0.9935483870967742,0.9625,0.9565217391304348,1.0121774193548387,0.01746219476437905
32,0.005,color_02,color_04,151,0.9263803680981595,0.9741935483870968,0.949685534591195,0.9263803680981595,0.9987015621829985,-0.0018744670024365044
32,0.005,color_02,color_05,111,0.6809815950920245,0.7161290322580646,0.9910714285714286,0.7115384615384616,1.0422235023041473,0.05966469324934161
32,0.005,color_02,color_06,139,0.852760736196319,0.896774193548387,0.9928571428571429,0.8910256410256411,1.0441013824884793,0.062261804735380996
32,0.005,color_02,color_07,96,0.588957055214724,0.6193548387096774,0.9230769230769231,0.588957055214724,0.9707196029776677,-0.0428734684630957
32,0.005,color_02,color_08,98,0.6012269938650306,0.632258064516129,0.9423076923076923,0.6086956521739131,0.9909429280397023,-0.013126125069043856
32,0.005,color_02,color_09,134,0.8220858895705522,0.864516129032258,0.9640287769784173,0.8375,1.013785100951497,0.019751866691105326
32,0.005,color_02,color_10,137,0.8404907975460123,0.8838709677419355,0.9448275862068966,0.8404907975460123,0.9935928809788656,-0.009273258097567539
32,0.005,color_02,color_11,146,0.8957055214723927,0.9419354838709677,0.948051948051948,0.8957055214723927,0.9969836614997907,-0.004358232858043932
32,0.005,color_02,color_12,153,0.9386503067484663,0.9870967741935484,0.9622641509433962,0.9503105590062112,1.0119293974437005,0.0171086363651363
32,0.005,color_03,color_04,156,0.9570552147239264,0.975,0.9811320754716981,0.9570552147239264,0.9995283018867925,-0.0006806770783916938
32,0.005,color_03,color_05,111,0.6809815950920245,0.69375,0.9910714285714286,0.6894409937888198,1.0096540178571427,0.013861003636216843
32,0.005,color_03,color_06,138,0.8466257668711656,0.8625,0.9857142857142858,0.8518518518518519,1.0041964285714287,0.006041499176917925
32,0.005,color_03,color_07,102,0.6257668711656442,0.6375,0.9807692307692307,0.6296296296296297,0.999158653846154,-0.0012143168258811612
32,0.005,color_03,color_08,103,0.6319018404907976,0.64375,0.9903846153846154,0.639751552795031,1.008954326923077,0.01286086838584148
32,0.005,color_03,color_09,139,0.852760736196319,0.86875,1.0,0.86875,1.01875,0.02680005934371527
32,0.005,color_03,color_10,142,0.8711656441717791,0.8875,0.9793103448275862,0.8711656441717791,0.9976724137931035,-0.003361911166537197
32,0.005,color_03,color_11,151,0.9263803680981595,0.94375,0.9805194805194806,0.9263803680981595,0.9989042207792207,-0.0015817420261073707
32,0.005,color_03,color_12,157,0.9631901840490797,0.98125,0.9874213836477987,0.9691358024691358,1.005935534591195,0.00853785295098674
32,0.005,color_04,color_05,108,0.6625766871165644,0.6792452830188679,0.9642857142857143,0.6625766871165644,0.9885444743935308,-0.016622220947413703
32,0.005,color_04,color_06,136,0.8343558282208589,0.8553459119496856,0.9714285714285714,0.8343558282208589,0.9958670260557051,-0.005974976747905153
32,0.005,color_04,color_07,103,0.6319018404907976,0.6477987421383647,0.9903846153846154,0.64375,1.0152999516207062,0.0219060079888482
32,0.005,color_04,color_08,100,0.6134969325153374,0.6289308176100629,0.9615384615384616,0.6134969325153374,0.9857281083696178,-0.02073832941964532
32,0.005,color_04,color_09,135,0.8282208588957055,0.8490566037735849,0.9712230215827338,0.8282208588957055,0.9956563051445636,-0.006280276725954335
32,0.005,color_04,color_10,145,0.8895705521472392,0.9119496855345912,1.0,0.9119496855345912,1.0251572327044025,0.03584519894672218
32,0.005,color_04,color_11,152,0.9325153374233128,0.9559748427672956,0.987012987012987,0.9440993788819876,1.01184350240954,0.01698617169540614
32,0.005,color_04,color_12,155,0.950920245398773,0.9748427672955975,0.9748427672955975,0.950920245398773,0.9993671136426565,-0.0009133510633956523
32,0.005,color_05,color_06,108,0.6625766871165644,0.9642857142857143,0.7714285714285715,0.75,1.1227040816326528,0.16697771739197517
32,0.005,color_05,color_07,64,0.39263803680981596,0.5714285714285714,0.6153846153846154,0.42105263157894735,0.8956043956043956,-0.15906648596761866
32,0.005,color_05,color_08,71,0.43558282208588955,0.6339285714285714,0.6826923076923077,0.4896551724137931,0.9935611263736264,-0.00931936646293666
32,0.005,color_05,color_09,98,0.6012269938650306,0.875,0.7050359712230215,0.6405228758169934,1.0260791366906474,0.03714200356517416
32,0.005,color_05,color_10,94,0.5766871165644172,0.8392857142857143,0.6482758620689655,0.5766871165644172,0.9434729064039409,-0.08394700616382365
32,0.005,color_05,color_11,103,0.6319018404907976,0.9196428571428571,0.6688311688311688,0.6319018404907976,0.9733882189239331,-0.03891278133820966
32,0.005,color_05,color_12,112,0.6871165644171779,1.0,0.7044025157232704,0.7044025157232704,1.0251572327044025,0.03584519894672218
32,0.005,color_06,color_07,81,0.49693251533742333,0.5785714285714286,0.7788461538461539,0.49693251533742333,0.9067994505494507,-0.14114457797035618
32,0.005,color_06,color_08,91,0.558282208588957,0.65,0.875,0.5947712418300654,1.01875,0.02680005934371527
32,0.005,color_06,color_09,121,0.7423312883435583,0.8642857142857143,0.8705035971223022,0.7658227848101266,1.0135149023638235,0.01936730183719852
32,0.005,color_06,color_10,122,0.7484662576687117,0.8714285714285714,0.8413793103448276,0.7484662576687117,0.9796059113300493,-0.029726615165937095
32,0.005,color_06,color_11,131,0.803680981595092,0.9357142857142857,0.8506493506493507,0.803680981595092,0.9903988868274582,-0.01391840187134
32,0.005,color_06,color_12,140,0.8588957055214724,1.0,0.8805031446540881,0.8805031446540881,1.0251572327044025,0.03584519894672218
32,0.005,color_07,color_08,67,0.4110429447852761,0.6442307692307693,0.6442307692307693,0.475177304964539,1.0097078402366866,0.01393790840666594
32,0.005,color_07,color_09,94,0.5766871165644172,0.9038461538461539,0.6762589928057554,0.6308724832214765,1.0599059214167128,0.08393621504411536
32,0.005,color_07,color_10,103,0.6319018404907976,0.9903846153846154,0.7103448275862069,0.7054794520547946,1.1133289124668437,0.1548798732582696
32,0.005,color_07,color_11,101,0.6196319018404908,0.9711538461538461,0.6558441558441559,0.643312101910828,1.0279095904095903,0.0397133781468786
32,0.005,color_07,color_12,100,0.6134969325153374,0.9615384615384616,0.6289308176100629,0.6134969325153374,0.9857281083696178,-0.02073832941964532
32,0.005,color_08,color_09,92,0.5644171779141104,0.8846153846153846,0.6618705035971223,0.609271523178808,1.0373547315993359,0.052909319423490794
32,0.005,color_08,color_10,90,0.5521472392638037,0.8653846153846154,0.6206896551724138,0.5660377358490566,0.9728116710875333,-0.03976755759527415
32,0.005,color_08,color_11,95,0.5828220858895705,0.9134615384615384,0.6168831168831169,0.5828220858895705,0.9668456543456543,-0.04864249627396822
32,0.005,color_08,color_12,101,0.6196319018404908,0.9711538461538461,0.6352201257861635,0.6234567901234568,0.9955853894533139,-0.006383036442575388
32,0.005,color_09,color_10,124,0.7607361963190185,0.8920863309352518,0.8551724137931035,0.775,1.002828082361697,0.00407430187951118
32,0.005,color_09,color_11,130,0.7975460122699386,0.935251798561151,0.8441558441558441,0.7975460122699386,0.9899093712043352,-0.014631646158876785
32,0.005,color_09,color_12,136,0.8343558282208589,0.9784172661870504,0.8553459119496856,0.8395061728395061,1.0030315370345233,0.004366967473554136
32,0.005,color_10,color_11,142,0.8711656441717791,0.9793103448275862,0.922077922077922,0.9044585987261147,1.0365427675772503,0.0517796430259237
32,0.005,color_10,color_12,141,0.8650306748466258,0.9724137931034482,0.8867924528301887,0.8650306748466258,0.9968770331815224,-0.004512538669418744
32,0.005,color_11,color_12,150,0.9202453987730062,0.974025974025974,0.9433962264150944,0.9202453987730062,0.9985297721146777,-0.0021226512522983317
32,0.01,color_01,color_02,97,0.5950920245398773,0.9150943396226415,0.6554054054054054,0.6178343949044586,1.0078403875573687,0.011267176226056302
32,0.01,color_01,color_03,106,0.6503067484662577,1.0,0.6625,0.6625,1.0187499999999998,0.026800059343714953
32,0.01,color_01,color_04,103,0.6319018404907976,0.9716981132075472,0.6477987421383647,0.6358024691358025,0.9961433487599383,-0.0055747284332586505
32,0.01,color_01,color_05,58,0.3558282208588957,0.5471698113207547,0.6823529411764706,0.43609022556390975,1.049278579356271,0.06939775865774885
32,0.01,color_01,color_06,81,0.49693251533742333,0.7641509433962265,0.6428571428571429,0.5364238410596026,0.9885444743935311,-0.016622220947413217
32,0.01,color_01,color_07,78,0.4785276073619632,0.7358490566037735,0.7647058823529411,0.6,1.1759156492785792,0.23378457655863089
32,0.01,color_01,color_08,57,0.3496932515337423,0.5377358490566038,0.6195652173913043,0.40425531914893614,0.9527276456111567,-0.06986424222439273
32,0.01,color_01,color_09,102,0.6257668711656442,0.9622641509433962,0.75,0.7285714285714285,1.153301886792453,0.20577020038903468
32,0.01,color_01,color_10,97,0.5950920245398773,0.9150943396226415,0.6689655172413793,0.6298701298701299,1.0286922576447626,0.04081145184007166
32,0.01,color_01,color_11,98,0.6012269938650306,0.9245283018867925,0.6447368421052632,0.6125,0.9914349553128103,-0.012409969660498888
32,0.01,color_01,color_12,102,0.6257668711656442,0.9622641509433962,0.6538461538461539,0.6375,1.00544267053701,0.007830822777125514
32,0.01,color_02,color_03,148,0.9079754601226994,1.0,0.925,0.925,1.01875,0.02680005934371527
32,0.01,color_02,color_04,144,0.8834355828220859,0.972972972972973,0.9056603773584906,0.8834355828220859,0.9974502804691484,-0.0036831652399152044
32,0.01,color_02,color_05,83,0.50920245398773,0.5608108108108109,0.9764705882352941,0.5533333333333333,1.07543720190779,0.1049232838113506
32,0.01,color_02,color_06,125,0.7668711656441718,0.8445945945945946,0.9920634920634921,0.8389261744966443,1.0926104676104678,0.12777914976429855
32,0.01,color_02,color_07,88,0.5398773006134969,0.5945945945945946,0.8627450980392157,0.5432098765432098,0.9501854795972443,-0.07371893473207056
32,0.01,color_02,color_08,85,0.5214723926380368,0.5743243243243243,0.9239130434782609,0.5483870967741935,1.0175528789659225,0.025103768682816736
32,0.01,color_02,color_09,126,0.7730061349693251,0.8513513513513513,0.9264705882352942,0.7974683544303798,1.0203696343402227,0.02909187085170494
32,0.01,color_02,color_10,130,0.7975460122699386,0.8783783783783784,0.896551724137931,0.7975460122699386,0.9874184529356943,-0.018266488384352207
32,0.01,color_02,color_11,137,0.8404907975460123,0.9256756756756757,0.9013157894736842,0.8404907975460123,0.9926653627311524,-0.010620641880930787
32,0.01,color_02,color_12,144,0.8834355828220859,0.972972972972973,0.9230769230769231,0.9,1.0166320166320166,0.023797571182191793
32,0.01,color_03,color_04,156,0.9570552147239264,0.975,0.9811320754716981,0.9570552147239264,0.9995283018867925,-0.0006806770783916938
32,0.01,color_03,color_05,85,0.5214723926380368,0.53125,1.0,0.53125,1.01875,0.02680005934371527
32,0.01,color_03,color_06,126,0.7730061349693251,0.7875,1.0,0.7875,1.01875,0.02680005934371527
32,0.01,color_03,color_07,100,0.6134969325153374,0.625,0.9803921568627451,0.6172839506172839,0.9987745098039215,-0.0017690928530558433
32,0.01,color_03,color_08,91,0.558282208588957,0.56875,0.9891304347826086,0.5652173913043478,1.0076766304347826,0.011032743485398611
32,0.01,color_03,color_09,136,0.8343558282208589,0.85,1.0,0.85,1.01875,0.02680005934371527
32,0.01,color_03,color_10,142,0.8711656441717791,0.8875,0.9793103448275862,0.8711656441717791,0.9976724137931035,-0.003361911166537197
32,0.01,color_03,color_11,149,0.9141104294478528,0.93125,0.9802631578947368,0.9141104294478528,0.9986430921052633,-0.0019589336377085808
32,0.01,color_03,color_12,154,0.9447852760736196,0.9625,0.9871794871794872,0.9506172839506173,1.0056891025641026,0.008184381176368277
32,0.01,color_04,color_05,81,0.49693251533742333,0.5094339622641509,0.9529411764705882,0.49693251533742333,0.9769145394006659,-0.03369573430635494
32,0.01,color_04,color_06,122,0.7484662576687117,0.7672955974842768,0.9682539682539683,0.7484662576687117,0.9926125586502945,-0.010697386990307974
32,0.01,color_04,color_07,102,0.6257668711656442,0.6415094339622641,1.0,0.6415094339622641,1.0251572327044025,0.03584519894672218
32,0.01,color_04,color_08,88,0.5398773006134969,0.5534591194968553,0.9565217391304348,0.5398773006134969,0.9805851791085589,-0.028285138472993448
32,0.01,color_04,color_09,132,0.8098159509202454,0.8301886792452831,0.9705882352941176,0.8098159509202454,0.9950055493895672,-0.007223522945163701
32,0.01,color_04,color_10,145,0.8895705521472392,0.9119496855345912,1.0,0.9119496855345912,1.0251572327044025,0.03584519894672218
32,0.01,color_04,color_11,151,0.9263803680981595,0.949685534591195,0.993421052631579,0.94375,1.018412777226084,0.02632242482821554
32,0.01,color_04,color_12,152,0.9325153374233128,0.9559748427672956,0.9743589743589743,0.9325153374233128,0.9988711498145459,-0.0016295064719407957
32,0.01,color_05,color_06,74,0.4539877300613497,0.8705882352941177,0.5873015873015873,0.5401459854014599,1.1262371615312792,0.1715106602224091
32,0.01,color_05,color_07,47,0.2883435582822086,0.5529411764705883,0.46078431372549017,0.3357142857142857,0.8836216839677047,-0.1784992722004825
32,0.01,color_05,color_08,51,0.3128834355828221,0.6,0.5543478260869565,0.40476190476190477,1.0630434782608698,0.08820060400785877
32,0.01,color_05,color_09,79,0.48466257668711654,0.9294117647058824,0.5808823529411765,0.5563380281690141,1.1139273356401385,0.15565512502013937
32,0.01,color_05,color_10,69,0.4233128834355828,0.8117647058823529,0.47586206896551725,0.42857142857142855,0.9125354969574037,-0.1320474151433896
32,0.01,color_05,color_11,74,0.4539877300613497,0.8705882352941177,0.4868421052631579,0.4539877300613497,0.9335913312693499,-0.09913692972125983
32,0.01,color_05,color_12,85,0.5214723926380368,1.0,0.5448717948717948,0.5448717948717948,1.044871794871795,0.0633259353688293
32,0.01,color_06,color_07,69,0.4233128834355828,0.5476190476190477,0.6764705882352942,0.4339622641509434,0.8751167133520075,-0.19245265446216545
32,0.01,color_06,color_08,72,0.44171779141104295,0.5714285714285714,0.782608695652174,0.4931506849315068,1.0124223602484472,0.017811276116460606
32,0.01,color_06,color_09,108,0.6625766871165644,0.8571428571428571,0.7941176470588235,0.7012987012987013,1.0273109243697478,0.03887289164429008
32,0.01,color_06,color_10,108,0.6625766871165644,0.8571428571428571,0.7448275862068966,0.6625766871165644,0.9635467980295567,-0.05357335712030481
32,0.01,color_06,color_11,115,0.7055214723926381,0.9126984126984127,0.756578947368421,0.7055214723926381,0.9787489557226401,-0.03098923176804896
32,0.01,color_06,color_12,126,0.7730061349693251,1.0,0.8076923076923077,0.8076923076923077,1.044871794871795,0.0633259353688293
32,0.01,color_07,color_08,60,0.36809815950920244,0.5882352941176471,0.6521739130434783,0.44776119402985076,1.0421994884910486,0.05963145181108763
32,0.01,color_07,color_09,89,0.5460122699386503,0.8725490196078431,0.6544117647058824,0.5973154362416108,1.045775663206459,0.06457340197564021
32,0.01,color_07,color_10,102,0.6257668711656442,1.0,0.7034482758620689,0.7034482758620689,1.1241379310344828,0.16881906421614312
32,0.01,color_07,color_11,98,0.6012269938650306,0.9607843137254902,0.6447368421052632,0.6282051282051282,1.03031475748194,0.0430851429312045
32,0.01,color_07,color_12,95,0.5828220858895705,0.9313725490196079,0.6089743589743589,0.5828220858895705,0.9731649069884362,-0.03924379827171889
32,0.01,color_08,color_09,78,0.4785276073619632,0.8478260869565217,0.5735294117647058,0.52,1.0161445012787726,0.023105575785973997
32,0.01,color_08,color_10,79,0.48466257668711654,0.8586956521739131,0.5448275862068965,0.5,0.9652923538230886,-0.050962143663766585
32,0.01,color_08,color_11,81,0.49693251533742333,0.8804347826086957,0.5328947368421053,0.49693251533742333,0.9441504576659041,-0.08291131238489576
32,0.01,color_08,color_12,87,0.5337423312883436,0.9456521739130435,0.5576923076923077,0.5403726708074534,0.9880852842809366,-0.017292524839455207
32,0.01,color_09,color_10,121,0.7423312883435583,0.8897058823529411,0.8344827586206897,0.75625,1.0001521298174445,0.00021946024039859598
32,0.01,color_09,color_11,125,0.7668711656441718,0.9191176470588235,0.8223684210526315,0.7668711656441718,0.9856327399380805,-0.020877915800760243
32,0.01,color_09,color_12,132,0.8098159509202454,0.9705882352941176,0.8461538461538461,0.825,1.0141402714932126,0.02025721347694317
32,0.01,color_10,color_11,141,0.8650306748466258,0.9724137931034482,0.9276315789473685,0.9038461538461539,1.0427858439201454,0.060442903171351425
32,0.01,color_10,color_12,138,0.8466257668711656,0.9517241379310345,0.8846153846153846,0.8466257668711656,0.9944297082228116,-0.00805869786793627
32,0.01,color_11,color_12,145,0.8895705521472392,0.9539473684210527,0.9294871794871795,0.8895705521472392,0.9967526990553307,-0.004692488059821713
32,0.02,color_01,color_02,80,0.49079754601226994,0.8080808080808081,0.6153846153846154,0.5369127516778524,1.0132090132090132,0.018931816010375822
32,0.02,color_01,color_03,99,0.6073619631901841,1.0,0.61875,0.61875,1.01875,0.02680005934371527
32,0.02,color_01,color_04,94,0.5766871165644172,0.9494949494949495,0.6064516129032258,0.5875,0.9985011404366242,-0.00216401944513242
32,0.02,color_01,color_05,28,0.17177914110429449,0.2828282828282828,0.6086956521739131,0.23931623931623933,1.002195871761089,0.0031645001520590084
32,0.02,color_01,color_06,58,0.3558282208588957,0.5858585858585859,0.5686274509803921,0.40559440559440557,0.9362249950485243,-0.09507281269245578
32,0.02,color_01,color_07,69,0.4233128834355828,0.696969696969697,0.71875,0.5476190476190477,1.1833964646464645,0.24293349020848065
32,0.02,color_01,color_08,39,0.2392638036809816,0.3939393939393939,0.527027027027027,0.291044776119403,0.8677313677313677,-0.2046796126152335
32,0.02,color_01,color_09,94,0.5766871165644172,0.9494949494949495,0.7401574803149606,0.7121212121212122,1.218643124154935,0.28527569905693917
32,0.02,color_01,color_10,88,0.5398773006134969,0.8888888888888888,0.6285714285714286,0.5827814569536424,1.0349206349206348,0.04952013584379856
32,0.02,color_01,color_11,84,0.5153374233128835,0.8484848484848485,0.5833333333333334,0.5283018867924528,0.9604377104377104,-0.05823604451208416
32,0.02,color_01,color_12,93,0.5705521472392638,0.9393939393939394,0.6158940397350994,0.5923566878980892,1.0140477623921331,0.020125605934420233
32,0.02,color_02,color_03,130,0.7975460122699386,1.0,0.8125,0.8125,1.01875,0.02680005934371527
32,0.02,color_02,color_04,122,0.7484662576687117,0.9384615384615385,0.7870967741935484,0.7484662576687117,0.9868982630272953,-0.01902672650872817
32,0.02,color_02,color_05,44,0.26993865030674846,0.3384615384615385,0.9565217391304348,0.3333333333333333,1.19933110367893,0.26223000378290773
32,0.02,color_02,color_06,101,0.6196319018404908,0.7769230769230769,0.9901960784313726,0.7709923664122137,1.2415535444947208,0.31214648198292194
32,0.02,color_02,color_07,70,0.4294478527607362,0.5384615384615384,0.7291666666666666,0.44871794871794873,0.9142628205128205,-0.12931914257356672
32,0.02,color_02,color_08,68,0.4171779141104294,0.5230769230769231,0.918918918918919,0.5,1.152182952182952,0.20436981682401253
32,0.02,color_02,color_09,105,0.6441717791411042,0.8076923076923077,0.8267716535433071,0.6907894736842105,1.0366444579043004,0.05192117209657976
32,0.02,color_02,color_10,107,0.656441717791411,0.823076923076923,0.7642857142857142,0.656441717791411,0.9582967032967032,-0.061455689341196544
32,0.02,color_02,color_11,114,0.6993865030674846,0.8769230769230769,0.7916666666666666,0.7125,0.9926282051282052,-0.010674646074947605
32,0.02,color_02,color_12,124,0.7607361963190185,0.9538461538461539,0.8211920529801324,0.7898089171974523,1.0296484971981663,0.04215191226441968
32,0.02,color_03,color_04,152,0.9325153374233128,0.95,0.9806451612903225,0.9325153374233128,0.9990322580645161,-0.0013968324869368697
32,0.02,color_03,color_05,46,0.2822085889570552,0.2875,1.0,0.2875,1.01875,0.02680005934371527
32,0.02,color_03,color_06,102,0.6257668711656442,0.6375,1.0,0.6375,1.01875,0.02680005934371527
32,0.02,color_03,color_07,94,0.5766871165644172,0.5875,0.9791666666666666,0.5802469135802469,0.9975260416666666,-0.003573589699803722
32,0.02,color_03,color_08,73,0.44785276073619634,0.45625,0.9864864864864865,0.453416149068323,1.0049831081081082,0.0071712525947827885
32,0.02,color_03,color_09,127,0.7791411042944786,0.79375,1.0,0.79375,1.01875,0.02680005934371527
32,0.02,color_03,color_10,137,0.8404907975460123,0.85625,0.9785714285714285,0.8404907975460123,0.9969196428571429,-0.004450874640724543
32,0.02,color_03,color_11,141,0.8650306748466258,0.88125,0.9791666666666666,0.8650306748466258,0.9975260416666667,-0.0035735896998035617
32,0.02,color_03,color_12,149,0.9141104294478528,0.93125,0.9867549668874173,0.9197530864197531,1.0052566225165565,0.0075638404807981015
32,0.02,color_04,color_05,43,0.26380368098159507,0.27741935483870966,0.9347826086956522,0.2721518987341772,0.9830294530154279,-0.02469345239807478
32,0.02,color_04,color_06,95,0.5828220858895705,0.6129032258064516,0.9313725490196079,0.5864197530864198,0.9794433902593295,-0.029965984683707852
32,0.02,color_04,color_07,95,0.5828220858895705,0.6129032258064516,0.9895833333333334,0.6089743589743589,1.0406586021505375,0.05749685656663149
32,0.02,color_04,color_08,68,0.4171779141104294,0.43870967741935485,0.918918918918919,0.422360248447205,0.9663469921534439,-0.0493867754217702
32,0.02,color_04,color_09,119,0.7300613496932515,0.7677419354838709,0.937007874015748,0.7300613496932515,0.9853695707391414,-0.021263174507382392
32,0.02,color_04,color_10,139,0.852760736196319,0.896774193548387,0.9928571428571429,0.8910256410256411,1.0441013824884793,0.062261804735380996
32,0.02,color_04,color_11,142,0.8711656441717791,0.9161290322580645,0.9861111111111112,0.9044585987261147,1.0370071684587814,0.05242586701920972
32,0.02,color_04,color_12,143,0.8773006134969326,0.9225806451612903,0.9470198675496688,0.8773006134969326,0.9958983123264261,-0.005929653589849293
32,0.02,color_05,color_06,35,0.2147239263803681,0.7608695652173914,0.3431372549019608,0.30973451327433627,1.2158994032395567,0.2820238731475356
32,0.02,color_05,color_07,23,0.1411042944785276,0.5,0.23958333333333334,0.19327731092436976,0.8489583333333333,-0.23623434649007877
32,0.02,color_05,color_08,30,0.18404907975460122,0.6521739130434783,0.40540540540540543,0.3333333333333333,1.4365452408930672,0.5226034281536337
32,0.02,color_05,color_09,40,0.24539877300613497,0.8695652173913043,0.31496062992125984,0.3007518796992481,1.1160561451557687,0.15840960628926132
32,0.02,color_05,color_10,34,0.2085889570552147,0.7391304347826086,0.24285714285714285,0.2236842105263158,0.8605590062111801,-0.21665397752056242
32,0.02,color_05,color_11,40,0.24539877300613497,0.8695652173913043,0.2777777777777778,0.26666666666666666,0.9842995169082126,-0.022830708380885273
32,0.02,color_05,color_12,45,0.27607361963190186,0.9782608695652174,0.2980132450331126,0.29605263157894735,1.0560034552260296,0.07861455517866076
32,0.02,color_06,color_07,49,0.3006134969325153,0.4803921568627451,0.5104166666666666,0.3288590604026846,0.8156658496732024,-0.29394984434636634
32,0.02,color_06,color_08,52,0.31901840490797545,0.5098039215686274,0.7027027027027027,0.41935483870967744,1.1229464758876524,0.1672891647717244
32,0.02,color_06,color_09,84,0.5153374233128835,0.8235294117647058,0.6614173228346457,0.5793103448275863,1.0569708198239924,0.07993554826617619
32,0.02,color_06,color_10,79,0.48466257668711654,0.7745098039215687,0.5642857142857143,0.48466257668711654,0.9017507002801118,-0.1491994565082819
32,0.02,color_06,color_11,86,0.5276073619631901,0.8431372549019608,0.5972222222222222,0.5375,0.9543845315904138,-0.06735743448063267
32,0.02,color_06,color_12,99,0.6073619631901841,0.9705882352941176,0.6556291390728477,0.6428571428571429,1.0477210751850408,0.06725469301411248
32,0.02,color_07,color_08,42,0.25766871165644173,0.4375,0.5675675675675675,0.328125,0.9636824324324326,-0.05337028934026792
32,0.02,color_07,color_09,77,0.4723926380368098,0.8020833333333334,0.6062992125984252,0.5273972602739726,1.0294455380577425,0.04186750743265652
32,0.02,color_07,color_10,94,0.5766871165644172,0.9791666666666666,0.6714285714285714,0.6619718309859155,1.140029761904762,0.1890714882425923
32,0.02,color_07,color_11,88,0.5398773006134969,0.9166666666666666,0.6111111111111112,0.5789473684210527,1.0376157407407407,0.053272270704906206
32,0.02,color_07,color_12,85,0.5214723926380368,0.8854166666666666,0.5629139072847682,0.5246913580246914,0.9557809050772625,-0.065248149677456
32,0.02,color_08,color_09,59,0.3619631901840491,0.7972972972972973,0.4645669291338583,0.4154929577464789,1.0233028303894447,0.03323315119180336
32,0.02,color_08,color_10,59,0.3619631901840491,0.7972972972972973,0.42142857142857143,0.38064516129032255,0.9282818532818533,-0.10736517898099739
32,0.02,color_08,color_11,60,0.36809815950920244,0.8108108108108109,0.4166666666666667,0.379746835443038,0.9177927927927928,-0.12375961723166605
32,0.02,color_08,color_12,67,0.4110429447852761,0.9054054054054054,0.44370860927152317,0.4240506329113924,0.9773581528548417,-0.0330407602651785
32,0.02,color_09,color_10,107,0.656441717791411,0.84251968503937,0.7642857142857142,0.66875,0.9809336332958379,-0.02777256308490793
32,0.02,color_09,color_11,109,0.6687116564417178,0.8582677165354331,0.7569444444444444,0.6728395061728395,0.9715113735783026,-0.04169720920647441
32,0.02,color_09,color_12,121,0.7423312883435583,0.952755905511811,0.8013245033112583,0.7707006369426752,1.0284716066120874,0.04050196540842726
32,0.02,color_10,color_11,129,0.7914110429447853,0.9214285714285714,0.8958333333333334,0.832258064516129,1.0430059523809523,0.06074739126705272
32,0.02,color_10,color_12,128,0.7852760736196319,0.9142857142857143,0.847682119205298,0.7852760736196319,0.9869441816461684,-0.018959602038967852
32,0.02,color_11,color_12,132,0.8098159509202454,0.9166666666666666,0.8741721854304636,0.8098159509202454,0.989514348785872,-0.015207467177860276
