series_code,image_count,color_01,color_02,color_03,color_04,color_05,color_06,color_07,color_08,color_09,color_10,color_11,color_12
C03,4,0.22075271606445312,0.09299850463867188,0.14748764038085938,0.028522491455078125,0.019878387451171875,0.09461212158203125,0.019779205322265625,0.13631820678710938,0.177398681640625,0.030246734619140625,0.017589569091796875,0.014415740966796875
C09,4,0.17174530029296875,0.13758087158203125,0.16558074951171875,0.00885772705078125,0.019260406494140625,0.13261032104492188,0.0,0.026458740234375,0.2132568359375,0.02223968505859375,0.0,0.10240936279296875
G01g,8,0.013103485107421875,0.030797958374023438,0.04364776611328125,0.19359207153320312,0.001537322998046875,0.01464080810546875,0.2286548614501953,0.03908729553222656,0.011631011962890625,0.29381752014160156,0.10152435302734375,0.027965545654296875
L11,7,0.07957894461495536,0.07882472446986608,0.07846287318638392,0.08244541713169642,0.014369419642857142,0.026591709681919644,0.23780168805803573,0.0,0.09587969098772321,0.12548610142299108,0.06669398716517858,0.11386544363839286
L23,10,0.04172210693359375,0.05508270263671875,0.0689605712890625,0.15891876220703124,0.0058258056640625,0.0198455810546875,0.17540283203125,0.00368499755859375,0.06461334228515625,0.20977783203125,0.11040802001953125,0.0857574462890625
L25,13,0.08960665189302884,0.0878143310546875,0.12338843712439904,0.12639911358173078,0.008205707256610576,0.062957763671875,0.05850571852463942,0.006284273587740385,0.08582716721754807,0.09823138897235577,0.11451016939603366,0.13826927771935096
L29,6,0.004826863606770833,0.017588297526041668,0.045255025227864586,0.15277862548828125,0.009267171223958334,0.016754150390625,0.12810262044270834,0.0123291015625,0.01988983154296875,0.5194142659505209,0.031740824381510414,0.04205322265625
L31,11,0.06503434614701704,0.07438243519176137,0.09620943936434659,0.1300839510830966,0.007024591619318182,0.030235984108664772,0.1339083584872159,0.03945229270241477,0.08154851740056818,0.18631120161576706,0.07343361594460228,0.08237526633522728
L35,3,0.037083943684895836,0.0011952718098958333,0.012720743815104166,0.3023529052734375,0.0051422119140625,0.0014394124348958333,0.14382425944010416,0.005747477213541667,0.043726603190104164,0.2772674560546875,0.15008544921875,0.019414265950520832
